"year","period","periodName","footnotes","LNS12324231","LNS12324232","date"
1948,"M01","January","",68.9,15.8,1948-01-01
1948,"M02","February","",69.3,15.9,1948-02-01
1948,"M03","March","",68,16.7,1948-03-01
1948,"M04","April","",68.4,17,1948-04-01
1948,"M05","May","",68.1,16.8,1948-05-01
1948,"M06","June","",68.6,17.3,1948-06-01
1948,"M07","July","",68.2,17.5,1948-07-01
1948,"M08","August","",68.4,17,1948-08-01
1948,"M09","September","",68,16.8,1948-09-01
1948,"M10","October","",68.4,16.6,1948-10-01
1948,"M11","November","",68.1,16.3,1948-11-01
1948,"M12","December","",68.3,16.8,1948-12-01
1949,"M01","January","",67.4,16.8,1949-01-01
1949,"M02","February","",67,16.8,1949-02-01
1949,"M03","March","",66.4,16.5,1949-03-01
1949,"M04","April","",66.5,16.5,1949-04-01
1949,"M05","May","",65.5,16.7,1949-05-01
1949,"M06","June","",65.7,16.4,1949-06-01
1949,"M07","July","",65.3,16.7,1949-07-01
1949,"M08","August","",64.7,17.4,1949-08-01
1949,"M09","September","",65.1,17.9,1949-09-01
1949,"M10","October","",65.4,18.1,1949-10-01
1949,"M11","November","",65.6,18.2,1949-11-01
1949,"M12","December","",65.6,18.1,1949-12-01
1950,"M01","January","",65.4,17.7,1950-01-01
1950,"M02","February","",65.2,18,1950-02-01
1950,"M03","March","",64.8,18.2,1950-03-01
1950,"M04","April","",64.6,18.3,1950-04-01
1950,"M05","May","",65.7,18.3,1950-05-01
1950,"M06","June","",64.9,18.4,1950-06-01
1950,"M07","July","",65.4,18.3,1950-07-01
1950,"M08","August","",66.1,17.9,1950-08-01
1950,"M09","September","",65.7,17.8,1950-09-01
1950,"M10","October","",65.1,17.8,1950-10-01
1950,"M11","November","",65.2,18.3,1950-11-01
1950,"M12","December","",65,18.1,1950-12-01
1951,"M01","January","",64.6,17.9,1951-01-01
1951,"M02","February","",65,18.5,1951-02-01
1951,"M03","March","",66,19.8,1951-03-01
1951,"M04","April","",66.4,18.5,1951-04-01
1951,"M05","May","",67.2,17.9,1951-05-01
1951,"M06","June","",66.8,18,1951-06-01
1951,"M07","July","",67,17.8,1951-07-01
1951,"M08","August","",66.8,17.8,1951-08-01
1951,"M09","September","",66.2,17.7,1951-09-01
1951,"M10","October","",65.7,17.3,1951-10-01
1951,"M11","November","",65.8,17.8,1951-11-01
1951,"M12","December","",65.9,18,1951-12-01
1952,"M01","January","",66.4,18.2,1952-01-01
1952,"M02","February","",65.8,17.9,1952-02-01
1952,"M03","March","",64.8,17.5,1952-03-01
1952,"M04","April","",65.1,17.6,1952-04-01
1952,"M05","May","",65.4,18.5,1952-05-01
1952,"M06","June","",65.6,17.6,1952-06-01
1952,"M07","July","",65.2,18.4,1952-07-01
1952,"M08","August","",64.8,19.1,1952-08-01
1952,"M09","September","",65.4,20.3,1952-09-01
1952,"M10","October","",65,19.9,1952-10-01
1952,"M11","November","",65.2,21.3,1952-11-01
1952,"M12","December","",65.3,20,1952-12-01
1953,"M01","January","",63.4,20.1,1953-01-01
1953,"M02","February","",64.5,19.4,1953-02-01
1953,"M03","March","",65.8,19.4,1953-03-01
1953,"M04","April","",65.2,18.7,1953-04-01
1953,"M05","May","",64.5,18.7,1953-05-01
1953,"M06","June","",64.5,19.9,1953-06-01
1953,"M07","July","",64.2,20.1,1953-07-01
1953,"M08","August","",63.8,20.4,1953-08-01
1953,"M09","September","",63.5,19.1,1953-09-01
1953,"M10","October","",64.2,19,1953-10-01
1953,"M11","November","",63.7,17.8,1953-11-01
1953,"M12","December","",62.9,17.6,1953-12-01
1954,"M01","January","",63.5,18,1954-01-01
1954,"M02","February","",64,18.2,1954-02-01
1954,"M03","March","",62.9,18.4,1954-03-01
1954,"M04","April","",63,18.8,1954-04-01
1954,"M05","May","",62.4,18.8,1954-05-01
1954,"M06","June","",62.3,18.6,1954-06-01
1954,"M07","July","",62.1,18.6,1954-07-01
1954,"M08","August","",63,19.1,1954-08-01
1954,"M09","September","",63,19.4,1954-09-01
1954,"M10","October","",62.9,19.6,1954-10-01
1954,"M11","November","",62.4,19.6,1954-11-01
1954,"M12","December","",62.1,19.7,1954-12-01
1955,"M01","January","",61.3,20,1955-01-01
1955,"M02","February","",61.3,19.6,1955-02-01
1955,"M03","March","",61.6,20.2,1955-03-01
1955,"M04","April","",61.8,20.9,1955-04-01
1955,"M05","May","",62,20.4,1955-05-01
1955,"M06","June","",61.7,20.4,1955-06-01
1955,"M07","July","",62.6,20.7,1955-07-01
1955,"M08","August","",62.4,21.2,1955-08-01
1955,"M09","September","",62.5,21.2,1955-09-01
1955,"M10","October","",62.2,21.7,1955-10-01
1955,"M11","November","",62.7,21.8,1955-11-01
1955,"M12","December","",62.6,21.8,1955-12-01
1956,"M01","January","",63.1,22,1956-01-01
1956,"M02","February","",62.8,21.4,1956-02-01
1956,"M03","March","",63.3,22.1,1956-03-01
1956,"M04","April","",63.2,22.3,1956-04-01
1956,"M05","May","",63.1,22.6,1956-05-01
1956,"M06","June","",63.1,21.9,1956-06-01
1956,"M07","July","",63,22.3,1956-07-01
1956,"M08","August","",63,22,1956-08-01
1956,"M09","September","",62.8,22.2,1956-09-01
1956,"M10","October","",62.7,21.6,1956-10-01
1956,"M11","November","",62.5,21.9,1956-11-01
1956,"M12","December","",62.3,22,1956-12-01
1957,"M01","January","",61.7,21.8,1957-01-01
1957,"M02","February","",62,22,1957-02-01
1957,"M03","March","",61.8,22.4,1957-03-01
1957,"M04","April","",61.5,21.5,1957-04-01
1957,"M05","May","",61.6,21.5,1957-05-01
1957,"M06","June","",62,21.8,1957-06-01
1957,"M07","July","",61.2,21.9,1957-07-01
1957,"M08","August","",60.6,21.4,1957-08-01
1957,"M09","September","",60.7,21.4,1957-09-01
1957,"M10","October","",60.5,21.4,1957-10-01
1957,"M11","November","",60.4,21.2,1957-11-01
1957,"M12","December","",60.7,21.7,1957-12-01
1958,"M01","January","",60.2,21.5,1958-01-01
1958,"M02","February","",60.2,21.8,1958-02-01
1958,"M03","March","",59.7,22.1,1958-03-01
1958,"M04","April","",59.5,21.7,1958-04-01
1958,"M05","May","",59.7,21.7,1958-05-01
1958,"M06","June","",59.4,21.7,1958-06-01
1958,"M07","July","",59.1,21.3,1958-07-01
1958,"M08","August","",59,20.8,1958-08-01
1958,"M09","September","",58.9,21.4,1958-09-01
1958,"M10","October","",58.8,21.3,1958-10-01
1958,"M11","November","",58.2,21.9,1958-11-01
1958,"M12","December","",58,21.9,1958-12-01
1959,"M01","January","",58.3,22,1959-01-01
1959,"M02","February","",58.4,21.1,1959-02-01
1959,"M03","March","",58.7,22,1959-03-01
1959,"M04","April","",58.8,22.1,1959-04-01
1959,"M05","May","",58.7,22.4,1959-05-01
1959,"M06","June","",58.8,22.5,1959-06-01
1959,"M07","July","",59.2,22.5,1959-07-01
1959,"M08","August","",59.3,22.7,1959-08-01
1959,"M09","September","",59.1,22.5,1959-09-01
1959,"M10","October","",59,22.7,1959-10-01
1959,"M11","November","",58.7,22.2,1959-11-01
1959,"M12","December","",59.1,22.2,1959-12-01
1960,"M01","January","",58.5,22.1,1960-01-01
1960,"M02","February","",58.3,22.2,1960-02-01
1960,"M03","March","",57.8,21.4,1960-03-01
1960,"M04","April","",58.2,22.6,1960-04-01
1960,"M05","May","",58.1,22.8,1960-05-01
1960,"M06","June","",57.8,22.9,1960-06-01
1960,"M07","July","",58,22.6,1960-07-01
1960,"M08","August","",57.6,23.2,1960-08-01
1960,"M09","September","",58,23.6,1960-09-01
1960,"M10","October","",58.1,23.1,1960-10-01
1960,"M11","November","",58.4,23.9,1960-11-01
1960,"M12","December","",58.5,24,1960-12-01
1961,"M01","January","",58.5,23.8,1961-01-01
1961,"M02","February","",58.1,23.6,1961-02-01
1961,"M03","March","",58.3,23.3,1961-03-01
1961,"M04","April","",57,22.4,1961-04-01
1961,"M05","May","",56.9,22.5,1961-05-01
1961,"M06","June","",57.1,22.8,1961-06-01
1961,"M07","July","",56.3,22.8,1961-07-01
1961,"M08","August","",56.3,22.9,1961-08-01
1961,"M09","September","",55.8,22.3,1961-09-01
1961,"M10","October","",56.1,22.6,1961-10-01
1961,"M11","November","",56.6,22.5,1961-11-01
1961,"M12","December","",56.6,22.7,1961-12-01
1962,"M01","January","",56.7,22.7,1962-01-01
1962,"M02","February","",57.7,23,1962-02-01
1962,"M03","March","",57.7,23.1,1962-03-01
1962,"M04","April","",56.2,22.8,1962-04-01
1962,"M05","May","",56.3,22.8,1962-05-01
1962,"M06","June","",55.9,22.6,1962-06-01
1962,"M07","July","",55.3,22.4,1962-07-01
1962,"M08","August","",55.8,22.7,1962-08-01
1962,"M09","September","",55.8,22.9,1962-09-01
1962,"M10","October","",55.3,22.5,1962-10-01
1962,"M11","November","",54.7,22.5,1962-11-01
1962,"M12","December","",54.6,22.7,1962-12-01
1963,"M01","January","",55,22.7,1963-01-01
1963,"M02","February","",54.9,22.6,1963-02-01
1963,"M03","March","",55.3,22.8,1963-03-01
1963,"M04","April","",54.8,22.8,1963-04-01
1963,"M05","May","",55,23,1963-05-01
1963,"M06","June","",55.2,22.9,1963-06-01
1963,"M07","July","",55.6,22.9,1963-07-01
1963,"M08","August","",55.4,23,1963-08-01
1963,"M09","September","",55.6,23.2,1963-09-01
1963,"M10","October","",55.2,23.2,1963-10-01
1963,"M11","November","",55.4,23,1963-11-01
1963,"M12","December","",54.5,23,1963-12-01
1964,"M01","January","",54.9,23,1964-01-01
1964,"M02","February","",54.8,23.3,1964-02-01
1964,"M03","March","",55,23.3,1964-03-01
1964,"M04","April","",55.3,24.2,1964-04-01
1964,"M05","May","",55.6,24.1,1964-05-01
1964,"M06","June","",55,23.8,1964-06-01
1964,"M07","July","",55.2,23.4,1964-07-01
1964,"M08","August","",55.2,23.2,1964-08-01
1964,"M09","September","",54.8,23.1,1964-09-01
1964,"M10","October","",55.3,23.5,1964-10-01
1964,"M11","November","",55.3,23.3,1964-11-01
1964,"M12","December","",55.2,23.5,1964-12-01
1965,"M01","January","",55.3,23.8,1965-01-01
1965,"M02","February","",55.6,23.7,1965-02-01
1965,"M03","March","",55.5,23.9,1965-03-01
1965,"M04","April","",54.9,23.8,1965-04-01
1965,"M05","May","",55.8,23.9,1965-05-01
1965,"M06","June","",55,24.2,1965-06-01
1965,"M07","July","",54.9,24.2,1965-07-01
1965,"M08","August","",54.6,23.9,1965-08-01
1965,"M09","September","",54.7,23.7,1965-09-01
1965,"M10","October","",54.7,24,1965-10-01
1965,"M11","November","",54,24,1965-11-01
1965,"M12","December","",54.8,24.1,1965-12-01
1966,"M01","January","",54.6,24.3,1966-01-01
1966,"M02","February","",54.5,24.1,1966-02-01
1966,"M03","March","",54.8,24.1,1966-03-01
1966,"M04","April","",54.9,24.1,1966-04-01
1966,"M05","May","",54.7,23.9,1966-05-01
1966,"M06","June","",55.1,23.9,1966-06-01
1966,"M07","July","",55.1,24,1966-07-01
1966,"M08","August","",55.1,24.6,1966-08-01
1966,"M09","September","",55.2,24.6,1966-09-01
1966,"M10","October","",55,24.2,1966-10-01
1966,"M11","November","",55.2,24.7,1966-11-01
1966,"M12","December","",55,24.2,1966-12-01
1967,"M01","January","",54.7,24.5,1967-01-01
1967,"M02","February","",54.7,24.3,1967-02-01
1967,"M03","March","",54.4,23.8,1967-03-01
1967,"M04","April","",54.7,24.3,1967-04-01
1967,"M05","May","",54.9,24.1,1967-05-01
1967,"M06","June","",55.5,24.6,1967-06-01
1967,"M07","July","",55.4,24.4,1967-07-01
1967,"M08","August","",55.2,24.4,1967-08-01
1967,"M09","September","",55.4,24.8,1967-09-01
1967,"M10","October","",55.4,24.7,1967-10-01
1967,"M11","November","",55.4,24.6,1967-11-01
1967,"M12","December","",55.4,24.5,1967-12-01
1968,"M01","January","",54.8,24,1968-01-01
1968,"M02","February","",55,24.3,1968-02-01
1968,"M03","March","",55,24.4,1968-03-01
1968,"M04","April","",55.2,24.2,1968-04-01
1968,"M05","May","",55.5,25,1968-05-01
1968,"M06","June","",56,24.7,1968-06-01
1968,"M07","July","",55.7,24.4,1968-07-01
1968,"M08","August","",55.6,24.1,1968-08-01
1968,"M09","September","",55.3,24.5,1968-09-01
1968,"M10","October","",55.2,24.5,1968-10-01
1968,"M11","November","",55.4,24.7,1968-11-01
1968,"M12","December","",55.4,24.6,1968-12-01
1969,"M01","January","",54.9,24.6,1969-01-01
1969,"M02","February","",55.5,24.9,1969-02-01
1969,"M03","March","",55.4,25,1969-03-01
1969,"M04","April","",55.2,25.2,1969-04-01
1969,"M05","May","",54.9,25.4,1969-05-01
1969,"M06","June","",54.8,25.2,1969-06-01
1969,"M07","July","",54.6,25.2,1969-07-01
1969,"M08","August","",54.9,25.1,1969-08-01
1969,"M09","September","",55.1,24.9,1969-09-01
1969,"M10","October","",54.9,24.7,1969-10-01
1969,"M11","November","",54.9,24.6,1969-11-01
1969,"M12","December","",54.8,24.5,1969-12-01
1970,"M01","January","",55.1,24.5,1970-01-01
1970,"M02","February","",55.1,24.7,1970-02-01
1970,"M03","March","",54.8,25,1970-03-01
1970,"M04","April","",54.8,24.8,1970-04-01
1970,"M05","May","",54.5,24.4,1970-05-01
1970,"M06","June","",54.2,24.6,1970-06-01
1970,"M07","July","",53.9,24.6,1970-07-01
1970,"M08","August","",53.7,24.6,1970-08-01
1970,"M09","September","",53.3,24.5,1970-09-01
1970,"M10","October","",53.4,24.7,1970-10-01
1970,"M11","November","",53.2,24.7,1970-11-01
1970,"M12","December","",53.1,24.6,1970-12-01
1971,"M01","January","",53.1,24.9,1971-01-01
1971,"M02","February","",52.5,24.5,1971-02-01
1971,"M03","March","",52.8,24.5,1971-03-01
1971,"M04","April","",52.8,24.3,1971-04-01
1971,"M05","May","",53.3,24.1,1971-05-01
1971,"M06","June","",53,23.9,1971-06-01
1971,"M07","July","",53.1,23.6,1971-07-01
1971,"M08","August","",52.9,23.7,1971-08-01
1971,"M09","September","",52.7,24.1,1971-09-01
1971,"M10","October","",52.5,24.5,1971-10-01
1971,"M11","November","",52.6,24.5,1971-11-01
1971,"M12","December","",52.2,24.5,1971-12-01
1972,"M01","January","",52.2,24.1,1972-01-01
1972,"M02","February","",51.7,24,1972-02-01
1972,"M03","March","",51.9,23.8,1972-03-01
1972,"M04","April","",51.5,23.6,1972-04-01
1972,"M05","May","",51.7,23.7,1972-05-01
1972,"M06","June","",51.7,23.6,1972-06-01
1972,"M07","July","",51.6,23.6,1972-07-01
1972,"M08","August","",51.5,23.6,1972-08-01
1972,"M09","September","",51.5,23.9,1972-09-01
1972,"M10","October","",51.4,23.7,1972-10-01
1972,"M11","November","",51.1,23.4,1972-11-01
1972,"M12","December","",51,23.2,1972-12-01
1973,"M01","January","",50.2,23,1973-01-01
1973,"M02","February","",50.6,23.1,1973-02-01
1973,"M03","March","",50.9,23,1973-03-01
1973,"M04","April","",50.2,23.1,1973-04-01
1973,"M05","May","",49.9,23.3,1973-05-01
1973,"M06","June","",50.2,23.2,1973-06-01
1973,"M07","July","",49.9,23.3,1973-07-01
1973,"M08","August","",49.7,23.3,1973-08-01
1973,"M09","September","",49.6,23.2,1973-09-01
1973,"M10","October","",49.6,23,1973-10-01
1973,"M11","November","",49.6,22.9,1973-11-01
1973,"M12","December","",49.7,22.8,1973-12-01
1974,"M01","January","",49.6,22.6,1974-01-01
1974,"M02","February","",50,22.6,1974-02-01
1974,"M03","March","",49.9,22.6,1974-03-01
1974,"M04","April","",49.8,22.6,1974-04-01
1974,"M05","May","",49.3,22.4,1974-05-01
1974,"M06","June","",49.1,22.5,1974-06-01
1974,"M07","July","",48.9,22.6,1974-07-01
1974,"M08","August","",49,22.3,1974-08-01
1974,"M09","September","",48.9,22.1,1974-09-01
1974,"M10","October","",49.1,21.8,1974-10-01
1974,"M11","November","",48.3,21.4,1974-11-01
1974,"M12","December","",48.3,21.7,1974-12-01
1975,"M01","January","",48.1,21.9,1975-01-01
1975,"M02","February","",48,21.9,1975-02-01
1975,"M03","March","",47.6,22,1975-03-01
1975,"M04","April","",47.5,22,1975-04-01
1975,"M05","May","",47.3,22.1,1975-05-01
1975,"M06","June","",46.9,22,1975-06-01
1975,"M07","July","",47.3,22.1,1975-07-01
1975,"M08","August","",46.9,21.8,1975-08-01
1975,"M09","September","",46.7,21.8,1975-09-01
1975,"M10","October","",46.3,22,1975-10-01
1975,"M11","November","",46,21.9,1975-11-01
1975,"M12","December","",45.9,21.9,1975-12-01
1976,"M01","January","",46.1,22,1976-01-01
1976,"M02","February","",45.6,22.3,1976-02-01
1976,"M03","March","",45.5,22,1976-03-01
1976,"M04","April","",45.6,21.7,1976-04-01
1976,"M05","May","",45.6,21.7,1976-05-01
1976,"M06","June","",45.7,21.7,1976-06-01
1976,"M07","July","",45.7,21.7,1976-07-01
1976,"M08","August","",45.9,21.9,1976-08-01
1976,"M09","September","",46.1,21.8,1976-09-01
1976,"M10","October","",45.6,21.9,1976-10-01
1976,"M11","November","",45.5,21.9,1976-11-01
1976,"M12","December","",45.5,22.1,1976-12-01
1977,"M01","January","",45.3,21.7,1977-01-01
1977,"M02","February","",45.1,21.8,1977-02-01
1977,"M03","March","",45.3,21.8,1977-03-01
1977,"M04","April","",45.4,22.1,1977-04-01
1977,"M05","May","",45.6,22.2,1977-05-01
1977,"M06","June","",45.7,21.6,1977-06-01
1977,"M07","July","",45.5,21.5,1977-07-01
1977,"M08","August","",45.4,21.6,1977-08-01
1977,"M09","September","",45.4,22.1,1977-09-01
1977,"M10","October","",45.7,22,1977-10-01
1977,"M11","November","",45.8,22.1,1977-11-01
1977,"M12","December","",45.9,22.2,1977-12-01
1978,"M01","January","",45.6,22.3,1978-01-01
1978,"M02","February","",45.5,22.2,1978-02-01
1978,"M03","March","",45.5,22.3,1978-03-01
1978,"M04","April","",45.7,22.6,1978-04-01
1978,"M05","May","",45.6,22.5,1978-05-01
1978,"M06","June","",46.2,22.5,1978-06-01
1978,"M07","July","",45.7,22.4,1978-07-01
1978,"M08","August","",45.6,22.2,1978-08-01
1978,"M09","September","",45.6,22.3,1978-09-01
1978,"M10","October","",45.6,22,1978-10-01
1978,"M11","November","",46,22.4,1978-11-01
1978,"M12","December","",46,22.5,1978-12-01
1979,"M01","January","",46.2,22.6,1979-01-01
1979,"M02","February","",45.9,22.7,1979-02-01
1979,"M03","March","",45.4,22.7,1979-03-01
1979,"M04","April","",45.1,22.5,1979-04-01
1979,"M05","May","",45.1,22.4,1979-05-01
1979,"M06","June","",45.1,22.5,1979-06-01
1979,"M07","July","",45.1,22.2,1979-07-01
1979,"M08","August","",45.2,22.3,1979-08-01
1979,"M09","September","",45.4,22.3,1979-09-01
1979,"M10","October","",45,22.6,1979-10-01
1979,"M11","November","",44.9,22.5,1979-11-01
1979,"M12","December","",44.7,22.5,1979-12-01
1980,"M01","January","",44.6,22.5,1980-01-01
1980,"M02","February","",45.2,22.4,1980-02-01
1980,"M03","March","",44.6,22.2,1980-03-01
1980,"M04","April","",44.3,22.2,1980-04-01
1980,"M05","May","",44.2,22.1,1980-05-01
1980,"M06","June","",44.1,22.1,1980-06-01
1980,"M07","July","",43.9,22.2,1980-07-01
1980,"M08","August","",44.2,22.3,1980-08-01
1980,"M09","September","",43.7,22,1980-09-01
1980,"M10","October","",43.7,21.9,1980-10-01
1980,"M11","November","",43.6,21.8,1980-11-01
1980,"M12","December","",43.6,21.5,1980-12-01
1981,"M01","January","",43.5,21.7,1981-01-01
1981,"M02","February","",43.6,21.8,1981-02-01
1981,"M03","March","",43.6,22,1981-03-01
1981,"M04","April","",43.7,22.1,1981-04-01
1981,"M05","May","",43.4,22.2,1981-05-01
1981,"M06","June","",43,22.2,1981-06-01
1981,"M07","July","",42.9,22,1981-07-01
1981,"M08","August","",42.7,21.9,1981-08-01
1981,"M09","September","",42.4,21.5,1981-09-01
1981,"M10","October","",42.2,21.7,1981-10-01
1981,"M11","November","",42,21.7,1981-11-01
1981,"M12","December","",42.1,21.5,1981-12-01
1982,"M01","January","",42,21.6,1982-01-01
1982,"M02","February","",41.7,21.3,1982-02-01
1982,"M03","March","",41.9,21.6,1982-03-01
1982,"M04","April","",41.9,21.6,1982-04-01
1982,"M05","May","",42,21.7,1982-05-01
1982,"M06","June","",42,21.7,1982-06-01
1982,"M07","July","",41.6,21.7,1982-07-01
1982,"M08","August","",41.1,21.8,1982-08-01
1982,"M09","September","",41.8,22,1982-09-01
1982,"M10","October","",41,21.5,1982-10-01
1982,"M11","November","",41,21.6,1982-11-01
1982,"M12","December","",40.8,21.4,1982-12-01
1983,"M01","January","",40.7,21.6,1983-01-01
1983,"M02","February","",40.5,21.5,1983-02-01
1983,"M03","March","",40.5,21.3,1983-03-01
1983,"M04","April","",40.4,21.2,1983-04-01
1983,"M05","May","",40.3,21.3,1983-05-01
1983,"M06","June","",40.6,21.2,1983-06-01
1983,"M07","July","",40.7,21.2,1983-07-01
1983,"M08","August","",40.6,21.3,1983-08-01
1983,"M09","September","",40.7,21.6,1983-09-01
1983,"M10","October","",40.7,21.5,1983-10-01
1983,"M11","November","",40.9,21.4,1983-11-01
1983,"M12","December","",40.5,21.5,1983-12-01
1984,"M01","January","",40.4,21.2,1984-01-01
1984,"M02","February","",40.3,21.5,1984-02-01
1984,"M03","March","",39.9,21.4,1984-03-01
1984,"M04","April","",39.9,21.5,1984-04-01
1984,"M05","May","",39.8,21.5,1984-05-01
1984,"M06","June","",39.7,21.1,1984-06-01
1984,"M07","July","",39.8,21.2,1984-07-01
1984,"M08","August","",39.8,21.1,1984-08-01
1984,"M09","September","",40,21.3,1984-09-01
1984,"M10","October","",39.6,20.9,1984-10-01
1984,"M11","November","",39.4,21.2,1984-11-01
1984,"M12","December","",39.6,21.3,1984-12-01
1985,"M01","January","",39.3,21.1,1985-01-01
1985,"M02","February","",39.4,21.3,1985-02-01
1985,"M03","March","",39.9,21.5,1985-03-01
1985,"M04","April","",39.5,21.3,1985-04-01
1985,"M05","May","",39.1,21.3,1985-05-01
1985,"M06","June","",39.3,21,1985-06-01
1985,"M07","July","",38.9,21,1985-07-01
1985,"M08","August","",39.5,20.9,1985-08-01
1985,"M09","September","",39.4,20.9,1985-09-01
1985,"M10","October","",39.4,21.1,1985-10-01
1985,"M11","November","",39.2,21,1985-11-01
1985,"M12","December","",39,21,1985-12-01
1986,"M01","January","",39.4,21,1986-01-01
1986,"M02","February","",38.5,20.9,1986-02-01
1986,"M03","March","",38.8,20.9,1986-03-01
1986,"M04","April","",38.9,21,1986-04-01
1986,"M05","May","",39.1,21.3,1986-05-01
1986,"M06","June","",38.9,21.8,1986-06-01
1986,"M07","July","",38.7,21.9,1986-07-01
1986,"M08","August","",38.4,21.9,1986-08-01
1986,"M09","September","",38.4,21.4,1986-09-01
1986,"M10","October","",38.4,21.1,1986-10-01
1986,"M11","November","",38.7,21.1,1986-11-01
1986,"M12","December","",39,20.8,1986-12-01
1987,"M01","January","",38.9,21.2,1987-01-01
1987,"M02","February","",38.8,21,1987-02-01
1987,"M03","March","",39,21,1987-03-01
1987,"M04","April","",38.8,20.9,1987-04-01
1987,"M05","May","",39.1,21.2,1987-05-01
1987,"M06","June","",39,21.4,1987-06-01
1987,"M07","July","",38.8,21.5,1987-07-01
1987,"M08","August","",38.7,21.5,1987-08-01
1987,"M09","September","",38.8,21.3,1987-09-01
1987,"M10","October","",39.1,21.6,1987-10-01
1987,"M11","November","",39.1,21.5,1987-11-01
1987,"M12","December","",39.2,21.5,1987-12-01
1988,"M01","January","",38.6,21.6,1988-01-01
1988,"M02","February","",38.9,21.6,1988-02-01
1988,"M03","March","",38.5,21.6,1988-03-01
1988,"M04","April","",38.7,21.8,1988-04-01
1988,"M05","May","",38.5,21.3,1988-05-01
1988,"M06","June","",38.6,21.4,1988-06-01
1988,"M07","July","",38.5,21.3,1988-07-01
1988,"M08","August","",38.7,21.5,1988-08-01
1988,"M09","September","",38.5,21.7,1988-09-01
1988,"M10","October","",38.5,22,1988-10-01
1988,"M11","November","",38.2,22.6,1988-11-01
1988,"M12","December","",38.4,22.2,1988-12-01
1989,"M01","January","",38.7,22.5,1989-01-01
1989,"M02","February","",38.5,22.2,1989-02-01
1989,"M03","March","",38.7,22.4,1989-03-01
1989,"M04","April","",38.8,22.2,1989-04-01
1989,"M05","May","",38.4,22.6,1989-05-01
1989,"M06","June","",38.6,22.1,1989-06-01
1989,"M07","July","",38.6,22.2,1989-07-01
1989,"M08","August","",38.1,22.2,1989-08-01
1989,"M09","September","",37.8,22.4,1989-09-01
1989,"M10","October","",38.2,22.3,1989-10-01
1989,"M11","November","",37.8,22.4,1989-11-01
1989,"M12","December","",38,22.6,1989-12-01
1990,"M01","January","",38.3,22.3,1990-01-01
1990,"M02","February","",38.1,22.3,1990-02-01
1990,"M03","March","",38,22.2,1990-03-01
1990,"M04","April","",37.8,22.2,1990-04-01
1990,"M05","May","",38,22.6,1990-05-01
1990,"M06","June","",37.9,22.2,1990-06-01
1990,"M07","July","",38,22,1990-07-01
1990,"M08","August","",38.2,22.2,1990-08-01
1990,"M09","September","",38,22.1,1990-09-01
1990,"M10","October","",37.8,22.1,1990-10-01
1990,"M11","November","",37.7,22.1,1990-11-01
1990,"M12","December","",37.9,22.1,1990-12-01
1991,"M01","January","",37.2,21.9,1991-01-01
1991,"M02","February","",37,22,1991-02-01
1991,"M03","March","",37.1,21.9,1991-03-01
1991,"M04","April","",37.2,22,1991-04-01
1991,"M05","May","",36.8,21.8,1991-05-01
1991,"M06","June","",37,21.9,1991-06-01
1991,"M07","July","",36.7,22,1991-07-01
1991,"M08","August","",36.5,21.8,1991-08-01
1991,"M09","September","",36.7,22.1,1991-09-01
1991,"M10","October","",36.6,21.8,1991-10-01
1991,"M11","November","",36.6,21.6,1991-11-01
1991,"M12","December","",36,21.7,1991-12-01
1992,"M01","January","",36.6,21.9,1992-01-01
1992,"M02","February","",36.8,21.7,1992-02-01
1992,"M03","March","",37,22,1992-03-01
1992,"M04","April","",36.8,21.8,1992-04-01
1992,"M05","May","",37,21.6,1992-05-01
1992,"M06","June","",36.5,21.8,1992-06-01
1992,"M07","July","",36.4,21.9,1992-07-01
1992,"M08","August","",36.2,21.8,1992-08-01
1992,"M09","September","",36.1,21.9,1992-09-01
1992,"M10","October","",35.7,21.8,1992-10-01
1992,"M11","November","",36.3,21.9,1992-11-01
1992,"M12","December","",35.8,21.9,1992-12-01
1993,"M01","January","",35.9,21.6,1993-01-01
1993,"M02","February","",36.5,21.8,1993-02-01
1993,"M03","March","",36.1,21.8,1993-03-01
1993,"M04","April","",35.8,21.7,1993-04-01
1993,"M05","May","",36.2,22,1993-05-01
1993,"M06","June","",36.2,22.1,1993-06-01
1993,"M07","July","",35.8,21.8,1993-07-01
1993,"M08","August","",36,22.2,1993-08-01
1993,"M09","September","",35.7,21.8,1993-09-01
1993,"M10","October","",35.9,21.9,1993-10-01
1993,"M11","November","",35.5,22.3,1993-11-01
1993,"M12","December","",35.4,22.5,1993-12-01
1994,"M01","January","",36.6,23.1,1994-01-01
1994,"M02","February","",35.9,23.1,1994-02-01
1994,"M03","March","",35.6,22.8,1994-03-01
1994,"M04","April","",35.7,23,1994-04-01
1994,"M05","May","",35.9,23.7,1994-05-01
1994,"M06","June","",35.9,23.3,1994-06-01
1994,"M07","July","",35.9,23,1994-07-01
1994,"M08","August","",36.4,23,1994-08-01
1994,"M09","September","",36.4,23,1994-09-01
1994,"M10","October","",36.4,23.1,1994-10-01
1994,"M11","November","",36.7,23.3,1994-11-01
1994,"M12","December","",37.1,23,1994-12-01
1995,"M01","January","",36.9,22.9,1995-01-01
1995,"M02","February","",36.6,22.9,1995-02-01
1995,"M03","March","",36.5,22.8,1995-03-01
1995,"M04","April","",36.4,22.9,1995-04-01
1995,"M05","May","",35.8,23,1995-05-01
1995,"M06","June","",36,22.8,1995-06-01
1995,"M07","July","",36.3,23.2,1995-07-01
1995,"M08","August","",36.1,23.2,1995-08-01
1995,"M09","September","",36.6,23.4,1995-09-01
1995,"M10","October","",36.9,23.3,1995-10-01
1995,"M11","November","",36.7,23.1,1995-11-01
1995,"M12","December","",36.6,22.6,1995-12-01
1996,"M01","January","",36.4,22.9,1996-01-01
1996,"M02","February","",36.7,23.1,1996-02-01
1996,"M03","March","",37,22.9,1996-03-01
1996,"M04","April","",36.8,22.6,1996-04-01
1996,"M05","May","",37.1,22.8,1996-05-01
1996,"M06","June","",37.4,23,1996-06-01
1996,"M07","July","",37.3,23.3,1996-07-01
1996,"M08","August","",37.4,23.2,1996-08-01
1996,"M09","September","",37,23.3,1996-09-01
1996,"M10","October","",37.1,23.2,1996-10-01
1996,"M11","November","",37.2,23.3,1996-11-01
1996,"M12","December","",37.1,23.4,1996-12-01
1997,"M01","January","",37.4,23.6,1997-01-01
1997,"M02","February","",37.2,23.6,1997-02-01
1997,"M03","March","",37.8,23.8,1997-03-01
1997,"M04","April","",37.8,23.6,1997-04-01
1997,"M05","May","",37.9,23.9,1997-05-01
1997,"M06","June","",37.6,23.7,1997-06-01
1997,"M07","July","",37.6,23.5,1997-07-01
1997,"M08","August","",37.8,23.7,1997-08-01
1997,"M09","September","",37.7,23.8,1997-09-01
1997,"M10","October","",37.8,24,1997-10-01
1997,"M11","November","",38.3,24.3,1997-11-01
1997,"M12","December","",38.1,24.6,1997-12-01
1998,"M01","January","",37.7,24.4,1998-01-01
1998,"M02","February","",37.7,24.4,1998-02-01
1998,"M03","March","",37.1,24.4,1998-03-01
1998,"M04","April","",37.8,24.4,1998-04-01
1998,"M05","May","",38.3,24.3,1998-05-01
1998,"M06","June","",37.9,24.2,1998-06-01
1998,"M07","July","",38.3,23.9,1998-07-01
1998,"M08","August","",37.7,24.2,1998-08-01
1998,"M09","September","",38.3,24.3,1998-09-01
1998,"M10","October","",38.4,24.5,1998-10-01
1998,"M11","November","",38.4,24.7,1998-11-01
1998,"M12","December","",38.4,24.8,1998-12-01
1999,"M01","January","",38.1,24.6,1999-01-01
1999,"M02","February","",38.2,24.6,1999-02-01
1999,"M03","March","",38.4,24.7,1999-03-01
1999,"M04","April","",38.6,24.7,1999-04-01
1999,"M05","May","",38.3,24.8,1999-05-01
1999,"M06","June","",38.8,25,1999-06-01
1999,"M07","July","",38.6,25.1,1999-07-01
1999,"M08","August","",38.6,25.2,1999-08-01
1999,"M09","September","",38.7,25,1999-09-01
1999,"M10","October","",38.3,25,1999-10-01
1999,"M11","November","",38.5,24.9,1999-11-01
1999,"M12","December","",38.6,25.3,1999-12-01
2000,"M01","January","",39.2,25.2,2000-01-01
2000,"M02","February","",39.5,25.2,2000-02-01
2000,"M03","March","",39.2,25.4,2000-03-01
2000,"M04","April","",38.8,25.5,2000-04-01
2000,"M05","May","",39,25.4,2000-05-01
2000,"M06","June","",38.9,25.5,2000-06-01
2000,"M07","July","",39,25.6,2000-07-01
2000,"M08","August","",39.5,25.4,2000-08-01
2000,"M09","September","",39,25.5,2000-09-01
2000,"M10","October","",39,25.6,2000-10-01
2000,"M11","November","",38.9,25.3,2000-11-01
2000,"M12","December","",39,26,2000-12-01
2001,"M01","January","",39.5,25.8,2001-01-01
2001,"M02","February","",39.3,25.8,2001-02-01
2001,"M03","March","",39.4,26,2001-03-01
2001,"M04","April","",39.6,26,2001-04-01
2001,"M05","May","",39.5,26.3,2001-05-01
2001,"M06","June","",39.5,26.3,2001-06-01
2001,"M07","July","",39.5,26.5,2001-07-01
2001,"M08","August","",39.7,26.6,2001-08-01
2001,"M09","September","",39.5,26.6,2001-09-01
2001,"M10","October","",39.5,26.6,2001-10-01
2001,"M11","November","",39.8,26.4,2001-11-01
2001,"M12","December","",39.9,26.6,2001-12-01
2002,"M01","January","",39.7,26.8,2002-01-01
2002,"M02","February","",39.8,27.1,2002-02-01
2002,"M03","March","",39.6,26.9,2002-03-01
2002,"M04","April","",40.1,27.1,2002-04-01
2002,"M05","May","",40.5,27.1,2002-05-01
2002,"M06","June","",40.6,27.3,2002-06-01
2002,"M07","July","",40.7,27.6,2002-07-01
2002,"M08","August","",40.6,27.7,2002-08-01
2002,"M09","September","",40.8,28.1,2002-09-01
2002,"M10","October","",40.7,28,2002-10-01
2002,"M11","November","",40.3,28.3,2002-11-01
2002,"M12","December","",40.3,27.9,2002-12-01
2003,"M01","January","",40.4,28.9,2003-01-01
2003,"M02","February","",40.7,28.7,2003-02-01
2003,"M03","March","",40.5,28.8,2003-03-01
2003,"M04","April","",40.6,28.7,2003-04-01
2003,"M05","May","",40.4,28.9,2003-05-01
2003,"M06","June","",40.3,29,2003-06-01
2003,"M07","July","",40.5,28.8,2003-07-01
2003,"M08","August","",40.7,28.9,2003-08-01
2003,"M09","September","",40.7,28.8,2003-09-01
2003,"M10","October","",41,29.2,2003-10-01
2003,"M11","November","",41.2,29.3,2003-11-01
2003,"M12","December","",41.4,29.2,2003-12-01
2004,"M01","January","",41.6,28.9,2004-01-01
2004,"M02","February","",41.5,29.4,2004-02-01
2004,"M03","March","",41.6,29.5,2004-03-01
2004,"M04","April","",40.7,29.3,2004-04-01
2004,"M05","May","",40.7,29.5,2004-05-01
2004,"M06","June","",41.2,29.4,2004-06-01
2004,"M07","July","",41.4,29.5,2004-07-01
2004,"M08","August","",41.9,29.5,2004-08-01
2004,"M09","September","",41.5,29.6,2004-09-01
2004,"M10","October","",41.6,29.3,2004-10-01
2004,"M11","November","",42,29.5,2004-11-01
2004,"M12","December","",42,29.9,2004-12-01
2005,"M01","January","",41.5,29.8,2005-01-01
2005,"M02","February","",42,30,2005-02-01
2005,"M03","March","",42.1,29.8,2005-03-01
2005,"M04","April","",42.7,30.2,2005-04-01
2005,"M05","May","",42.9,30.2,2005-05-01
2005,"M06","June","",43.1,30.3,2005-06-01
2005,"M07","July","",43.1,30.3,2005-07-01
2005,"M08","August","",43.2,30.6,2005-08-01
2005,"M09","September","",42.9,30.7,2005-09-01
2005,"M10","October","",43.1,30.9,2005-10-01
2005,"M11","November","",42.7,30.9,2005-11-01
2005,"M12","December","",43,30.9,2005-12-01
2006,"M01","January","",43.2,30.8,2006-01-01
2006,"M02","February","",43.3,30.8,2006-02-01
2006,"M03","March","",43.6,30.8,2006-03-01
2006,"M04","April","",43.6,31.2,2006-04-01
2006,"M05","May","",43.5,31.2,2006-05-01
2006,"M06","June","",43.5,31.5,2006-06-01
2006,"M07","July","",43,31.7,2006-07-01
2006,"M08","August","",43.4,31.6,2006-08-01
2006,"M09","September","",43.9,31.6,2006-09-01
2006,"M10","October","",43.8,31.7,2006-10-01
2006,"M11","November","",43.8,31.9,2006-11-01
2006,"M12","December","",43.9,32,2006-12-01
2007,"M01","January","",43,31.5,2007-01-01
2007,"M02","February","",43.4,32,2007-02-01
2007,"M03","March","",43.6,32.1,2007-03-01
2007,"M04","April","",43.4,31.7,2007-04-01
2007,"M05","May","",43.7,32.1,2007-05-01
2007,"M06","June","",43.9,32.2,2007-06-01
2007,"M07","July","",43.9,32.5,2007-07-01
2007,"M08","August","",43.9,32.2,2007-08-01
2007,"M09","September","",44,32.4,2007-09-01
2007,"M10","October","",43.7,32.3,2007-10-01
2007,"M11","November","",44.2,32.4,2007-11-01
2007,"M12","December","",44,32.4,2007-12-01
2008,"M01","January","",44.2,32.5,2008-01-01
2008,"M02","February","",44.3,32.7,2008-02-01
2008,"M03","March","",44.2,32.7,2008-03-01
2008,"M04","April","",44.2,32.5,2008-04-01
2008,"M05","May","",44,32.5,2008-05-01
2008,"M06","June","",44.4,32.5,2008-06-01
2008,"M07","July","",44.5,32.6,2008-07-01
2008,"M08","August","",44.3,32.8,2008-08-01
2008,"M09","September","",44,32.7,2008-09-01
2008,"M10","October","",44.3,32.9,2008-10-01
2008,"M11","November","",44.1,32.9,2008-11-01
2008,"M12","December","",44.1,32.8,2008-12-01
2009,"M01","January","",44.1,32.7,2009-01-01
2009,"M02","February","",43.7,32.4,2009-02-01
2009,"M03","March","",43.1,32.5,2009-03-01
2009,"M04","April","",42.8,32.6,2009-04-01
2009,"M05","May","",43.4,32.6,2009-05-01
2009,"M06","June","",43,32.7,2009-06-01
2009,"M07","July","",43,32.6,2009-07-01
2009,"M08","August","",42.7,32.7,2009-08-01
2009,"M09","September","",42.7,32.6,2009-09-01
2009,"M10","October","",42.7,32.5,2009-10-01
2009,"M11","November","",42.8,32.5,2009-11-01
2009,"M12","December","",42.5,32.5,2009-12-01
2010,"M01","January","",42.6,32.7,2010-01-01
2010,"M02","February","",42.7,32.6,2010-02-01
2010,"M03","March","",42.9,32.8,2010-03-01
2010,"M04","April","",43,32.9,2010-04-01
2010,"M05","May","",43,33,2010-05-01
2010,"M06","June","",42.9,33.1,2010-06-01
2010,"M07","July","",42.9,33.2,2010-07-01
2010,"M08","August","",42.8,33.1,2010-08-01
2010,"M09","September","",42.9,33.1,2010-09-01
2010,"M10","October","",42.5,32.6,2010-10-01
2010,"M11","November","",42.6,32.8,2010-11-01
2010,"M12","December","",42.9,32.8,2010-12-01
2011,"M01","January","",42.4,32.8,2011-01-01
2011,"M02","February","",42.7,32.9,2011-02-01
2011,"M03","March","",42.8,32.9,2011-03-01
2011,"M04","April","",43.1,33,2011-04-01
2011,"M05","May","",42.9,32.9,2011-05-01
2011,"M06","June","",42.9,32.8,2011-06-01
2011,"M07","July","",43,32.7,2011-07-01
2011,"M08","August","",43.2,32.8,2011-08-01
2011,"M09","September","",43.4,33.2,2011-09-01
2011,"M10","October","",43.4,33,2011-10-01
2011,"M11","November","",43.4,33,2011-11-01
2011,"M12","December","",43.6,32.9,2011-12-01
2012,"M01","January","",43.4,32.9,2012-01-01
2012,"M02","February","",43.9,33,2012-02-01
2012,"M03","March","",43.7,33.1,2012-03-01
2012,"M04","April","",43.3,33,2012-04-01
2012,"M05","May","",43.7,33,2012-05-01
2012,"M06","June","",43.7,33.3,2012-06-01
2012,"M07","July","",43.5,32.8,2012-07-01
2012,"M08","August","",43.9,33.1,2012-08-01
2012,"M09","September","",43.9,33.1,2012-09-01
2012,"M10","October","",44.2,33.2,2012-10-01
2012,"M11","November","",44.3,33.2,2012-11-01
2012,"M12","December","",44.2,33.3,2012-12-01
2013,"M01","January","",44.1,33.3,2013-01-01
2013,"M02","February","",44,33.3,2013-02-01
2013,"M03","March","",44,33.3,2013-03-01
2013,"M04","April","",43.8,33.4,2013-04-01
2013,"M05","May","",43.8,33.6,2013-05-01
2013,"M06","June","",43.9,33.5,2013-06-01
2013,"M07","July","",43.8,33.4,2013-07-01
2013,"M08","August","",43.9,33.7,2013-08-01
2013,"M09","September","",43.6,33.3,2013-09-01
2013,"M10","October","",43.5,33,2013-10-01
2013,"M11","November","",43.8,33,2013-11-01
2013,"M12","December","",43.7,33,2013-12-01
2014,"M01","January","",43.8,33.1,2014-01-01
2014,"M02","February","",43.8,33.5,2014-02-01
2014,"M03","March","",43.6,33.2,2014-03-01
2014,"M04","April","",43.6,33.3,2014-04-01
2014,"M05","May","",43.8,33.4,2014-05-01
2014,"M06","June","",43.8,33.4,2014-06-01
2014,"M07","July","",43.8,33.4,2014-07-01
2014,"M08","August","",43.9,33.2,2014-08-01
2014,"M09","September","",44,33.4,2014-09-01
2014,"M10","October","",44,33.5,2014-10-01
2014,"M11","November","",43.9,33.5,2014-11-01
2014,"M12","December","",44.2,33.4,2014-12-01
2015,"M01","January","",44.1,33.5,2015-01-01
2015,"M02","February","",43.6,33.2,2015-02-01
2015,"M03","March","",44.2,33.4,2015-03-01
2015,"M04","April","",44.3,33.5,2015-04-01
2015,"M05","May","",44.4,33.4,2015-05-01
2015,"M06","June","",44.2,33.4,2015-06-01
2015,"M07","July","",44.5,33.4,2015-07-01
2015,"M08","August","",43.9,33.4,2015-08-01
2015,"M09","September","",43.7,33.4,2015-09-01
2015,"M10","October","",44.1,33.6,2015-10-01
2015,"M11","November","",44,33.7,2015-11-01
2015,"M12","December","",44.3,33.7,2015-12-01
2016,"M01","January","",44.3,33.7,2016-01-01
2016,"M02","February","",44.3,33.8,2016-02-01
2016,"M03","March","",44.4,33.7,2016-03-01
2016,"M04","April","",44.6,33.6,2016-04-01
2016,"M05","May","",44.3,33.4,2016-05-01
2016,"M06","June","",44.6,33.4,2016-06-01
2016,"M07","July","",44.9,33.4,2016-07-01
2016,"M08","August","",44.6,33.2,2016-08-01
2016,"M09","September","",44.5,33.4,2016-09-01
2016,"M10","October","",44.5,33.4,2016-10-01
2016,"M11","November","",44.3,33.5,2016-11-01
2016,"M12","December","",44,33.3,2016-12-01
2017,"M01","January","",44.3,33.7,2017-01-01
2017,"M02","February","",44.5,33.5,2017-02-01
2017,"M03","March","",44.6,33.8,2017-03-01
2017,"M04","April","",44.8,33.5,2017-04-01
2017,"M05","May","",44.6,33.6,2017-05-01
2017,"M06","June","",44.8,33.7,2017-06-01
2017,"M07","July","",44.6,33.7,2017-07-01
2017,"M08","August","",44.7,33.7,2017-08-01
2017,"M09","September","",44.9,33.5,2017-09-01
2017,"M10","October","",44.5,33.5,2017-10-01
2017,"M11","November","",44.6,33.6,2017-11-01
2017,"M12","December","",44.2,33.5,2017-12-01
2018,"M01","January","",44.2,33.3,2018-01-01
2018,"M02","February","",44.4,33.5,2018-02-01
2018,"M03","March","",44.4,33.5,2018-03-01
2018,"M04","April","",44.7,33.7,2018-04-01
2018,"M05","May","",45.1,33.8,2018-05-01
2018,"M06","June","",44.7,33.9,2018-06-01
2018,"M07","July","",44.9,33.7,2018-07-01
2018,"M08","August","",45,33.8,2018-08-01
2018,"M09","September","",44.7,33.9,2018-09-01
2018,"M10","October","",44.9,33.8,2018-10-01
2018,"M11","November","",44.8,34,2018-11-01
2018,"M12","December","",44.8,34.1,2018-12-01
2019,"M01","January","",44.7,34.1,2019-01-01
2019,"M02","February","",45,34.4,2019-02-01
2019,"M03","March","",44.6,34.1,2019-03-01
2019,"M04","April","",44.7,33.9,2019-04-01
2019,"M05","May","",45.2,33.4,2019-05-01
2019,"M06","June","",45.1,33.5,2019-06-01
2019,"M07","July","",45.6,34,2019-07-01
2019,"M08","August","",45.5,33.9,2019-08-01
2019,"M09","September","",45.1,34.2,2019-09-01
2019,"M10","October","",45.1,34.1,2019-10-01
2019,"M11","November","",45.3,34.1,2019-11-01
2019,"M12","December","",45.3,34.1,2019-12-01
2020,"M01","January","",45.2,34,2020-01-01
2020,"M02","February","",45.2,34.1,2020-02-01
2020,"M03","March","",44,33.4,2020-03-01
2020,"M04","April","",39.2,28.3,2020-04-01
2020,"M05","May","",39.9,28.8,2020-05-01
2020,"M06","June","",41.1,30.2,2020-06-01
2020,"M07","July","",41.5,31,2020-07-01
2020,"M08","August","",41.8,31.8,2020-08-01
2020,"M09","September","",42,31.3,2020-09-01
2020,"M10","October","",42.4,31.7,2020-10-01
2020,"M11","November","",42,31.8,2020-11-01
2020,"M12","December","",41.9,31.4,2020-12-01
2021,"M01","January","",41.9,31.4,2021-01-01
2021,"M02","February","",41.8,31.4,2021-02-01
2021,"M03","March","",41.9,31.8,2021-03-01
2021,"M04","April","",41.9,31.7,2021-04-01
2021,"M05","May","",42.2,31.7,2021-05-01
2021,"M06","June","",42.1,31.6,2021-06-01
2021,"M07","July","",42.3,31.8,2021-07-01
2021,"M08","August","",42.5,32.3,2021-08-01
2021,"M09","September","",43,32.2,2021-09-01
2021,"M10","October","",42.6,32.2,2021-10-01
2021,"M11","November","",42.9,32.2,2021-11-01
2021,"M12","December","",43,32.4,2021-12-01
2022,"M01","January","",43.5,32.9,2022-01-01
2022,"M02","February","",43.8,32.8,2022-02-01
2022,"M03","March","",43.9,32.6,2022-03-01
2022,"M04","April","",43.4,32.6,2022-04-01
2022,"M05","May","",43.5,32.8,2022-05-01
2022,"M06","June","",42.9,32.9,2022-06-01
2022,"M07","July","",43,33,2022-07-01
2022,"M08","August","",43.1,32.7,2022-08-01
